timestamp,state_0,state_1,state_2,state_3,state_4,state_5,state_6,action_0,action_1,action_2,action_3,action_4,action_5,action_6
0.0,2029.0,2488.0,1966.0,2027.0,1701.0,2070.0,2539.0,2048.0,2487.0,1987.0,2027.0,1703.0,2103.0,2425.0
0.03333333507180214,2040.0,2487.0,1969.0,2027.0,1700.0,2089.0,2468.0,2048.0,2487.0,1987.0,2027.0,1703.0,2108.0,2425.0
0.06666667014360428,2047.0,2487.0,1971.0,2028.0,1700.0,2101.0,2422.0,2048.0,2487.0,1988.0,2027.0,1702.0,2108.0,2425.0
0.10000000149011612,2045.0,2487.0,1973.0,2027.0,1700.0,2105.0,2422.0,2047.0,2487.0,1987.0,2026.0,1701.0,2108.0,2426.0
0.13333334028720856,2047.0,2487.0,1973.0,2028.0,1698.0,2106.0,2427.0,2046.0,2487.0,1988.0,2025.0,1699.0,2106.0,2426.0
0.1666666716337204,2047.0,2487.0,1973.0,2026.0,1697.0,2106.0,2425.0,2045.0,2487.0,1989.0,2024.0,1698.0,2101.0,2422.0
0.20000000298023224,2047.0,2486.0,1974.0,2025.0,1696.0,2104.0,2422.0,2046.0,2487.0,1991.0,2023.0,1698.0,2096.0,2403.0
0.23333333432674408,2045.0,2486.0,1975.0,2024.0,1696.0,2099.0,2404.0,2046.0,2487.0,1991.0,2023.0,1698.0,2095.0,2367.0
0.2666666805744171,2045.0,2486.0,1975.0,2024.0,1696.0,2097.0,2372.0,2046.0,2487.0,1990.0,2024.0,1693.0,2096.0,2319.0
0.30000001192092896,2046.0,2486.0,1975.0,2025.0,1693.0,2097.0,2327.0,2048.0,2487.0,1991.0,2025.0,1684.0,2097.0,2277.0
0.3333333432674408,2047.0,2486.0,1976.0,2024.0,1685.0,2097.0,2282.0,2048.0,2487.0,1991.0,2025.0,1678.0,2099.0,2244.0
0.36666667461395264,2047.0,2485.0,1976.0,2024.0,1678.0,2098.0,2246.0,2049.0,2487.0,1990.0,2027.0,1676.0,2105.0,2213.0
0.4000000059604645,2047.0,2485.0,1975.0,2025.0,1675.0,2101.0,2215.0,2050.0,2487.0,1990.0,2029.0,1677.0,2116.0,2182.0
0.4333333373069763,2048.0,2485.0,1976.0,2027.0,1674.0,2110.0,2184.0,2050.0,2487.0,1991.0,2030.0,1676.0,2130.0,2148.0
0.46666666865348816,2049.0,2486.0,1976.0,2028.0,1673.0,2122.0,2152.0,2052.0,2487.0,1991.0,2033.0,1676.0,2148.0,2112.0
0.5,2050.0,2485.0,1976.0,2031.0,1673.0,2138.0,2117.0,2055.0,2486.0,1993.0,2037.0,1676.0,2167.0,2068.0
0.5333333611488342,2053.0,2485.0,1977.0,2034.0,1673.0,2156.0,2075.0,2055.0,2486.0,1994.0,2041.0,1676.0,2189.0,2026.0
0.5666666626930237,2054.0,2484.0,1978.0,2038.0,1673.0,2176.0,2033.0,2059.0,2484.0,1997.0,2049.0,1676.0,2224.0,1984.0
0.6000000238418579,2056.0,2484.0,1980.0,2044.0,1673.0,2203.0,1990.0,2062.0,2481.0,2005.0,2056.0,1675.0,2264.0,1956.0
0.6333333253860474,2060.0,2482.0,1987.0,2051.0,1672.0,2240.0,1958.0,2064.0,2475.0,2017.0,2066.0,1670.0,2314.0,1943.0
0.6666666865348816,2062.0,2477.0,1996.0,2060.0,1669.0,2283.0,1941.0,2064.0,2466.0,2031.0,2072.0,1664.0,2367.0,1934.0
0.699999988079071,2063.0,2470.0,2009.0,2067.0,1664.0,2331.0,1933.0,2063.0,2458.0,2042.0,2079.0,1661.0,2421.0,1921.0
0.7333333492279053,2062.0,2461.0,2021.0,2074.0,1660.0,2384.0,1921.0,2063.0,2449.0,2054.0,2084.0,1660.0,2463.0,1912.0
0.7666666507720947,2063.0,2452.0,2033.0,2079.0,1658.0,2430.0,1911.0,2062.0,2441.0,2063.0,2086.0,1657.0,2499.0,1904.0
0.800000011920929,2063.0,2444.0,2043.0,2083.0,1656.0,2472.0,1903.0,2055.0,2434.0,2074.0,2091.0,1650.0,2541.0,1889.0
0.8333333134651184,2059.0,2436.0,2053.0,2087.0,1650.0,2513.0,1889.0,2051.0,2427.0,2086.0,2093.0,1637.0,2584.0,1870.0
0.8666666746139526,2054.0,2429.0,2064.0,2090.0,1640.0,2554.0,1870.0,2047.0,2421.0,2099.0,2093.0,1623.0,2624.0,1859.0
0.8999999761581421,2050.0,2422.0,2077.0,2091.0,1628.0,2595.0,1857.0,2043.0,2414.0,2109.0,2093.0,1615.0,2650.0,1856.0
0.9333333373069763,2046.0,2415.0,2089.0,2091.0,1617.0,2628.0,1855.0,2039.0,2406.0,2114.0,2093.0,1614.0,2674.0,1845.0
0.9666666388511658,2042.0,2409.0,2095.0,2091.0,1614.0,2650.0,1847.0,2037.0,2398.0,2123.0,2093.0,1614.0,2694.0,1837.0
1.0,2039.0,2401.0,2104.0,2091.0,1612.0,2677.0,1836.0,2036.0,2384.0,2137.0,2094.0,1614.0,2713.0,1831.0
1.0333333015441895,2037.0,2389.0,2116.0,2092.0,1611.0,2698.0,1830.0,2035.0,2371.0,2158.0,2098.0,1614.0,2751.0,1814.0
1.0666667222976685,2036.0,2375.0,2133.0,2094.0,1611.0,2729.0,1814.0,2031.0,2357.0,2174.0,2099.0,1614.0,2796.0,1806.0
1.100000023841858,2034.0,2361.0,2149.0,2096.0,1611.0,2768.0,1804.0,2027.0,2346.0,2187.0,2098.0,1614.0,2819.0,1806.0
1.1333333253860474,2030.0,2349.0,2164.0,2096.0,1611.0,2798.0,1806.0,2023.0,2339.0,2197.0,2098.0,1614.0,2829.0,1806.0
1.1666666269302368,2026.0,2339.0,2176.0,2096.0,1611.0,2816.0,1806.0,2023.0,2329.0,2206.0,2099.0,1614.0,2840.0,1806.0
1.2000000476837158,2024.0,2332.0,2185.0,2097.0,1611.0,2826.0,1806.0,2023.0,2318.0,2220.0,2099.0,1614.0,2856.0,1806.0
1.2333333492279053,2023.0,2320.0,2197.0,2096.0,1611.0,2841.0,1806.0,2023.0,2303.0,2240.0,2099.0,1614.0,2875.0,1806.0
1.2666666507720947,2023.0,2306.0,2215.0,2097.0,1611.0,2858.0,1806.0,2023.0,2288.0,2261.0,2098.0,1614.0,2892.0,1806.0
1.2999999523162842,2024.0,2292.0,2235.0,2096.0,1611.0,2873.0,1806.0,2023.0,2276.0,2274.0,2099.0,1614.0,2901.0,1806.0
1.3333333730697632,2025.0,2278.0,2250.0,2097.0,1611.0,2883.0,1805.0,2023.0,2266.0,2287.0,2102.0,1614.0,2907.0,1806.0
1.3666666746139526,2024.0,2267.0,2264.0,2099.0,1611.0,2889.0,1806.0,2023.0,2255.0,2299.0,2107.0,1614.0,2918.0,1806.0
1.399999976158142,2024.0,2255.0,2277.0,2103.0,1610.0,2897.0,1806.0,2023.0,2241.0,2315.0,2109.0,1614.0,2934.0,1806.0
1.4333332777023315,2024.0,2243.0,2292.0,2105.0,1611.0,2907.0,1806.0,2023.0,2229.0,2328.0,2110.0,1614.0,2956.0,1806.0
1.4666666984558105,2025.0,2230.0,2306.0,2107.0,1610.0,2920.0,1806.0,2026.0,2220.0,2337.0,2111.0,1614.0,2965.0,1806.0
1.5,2025.0,2219.0,2315.0,2108.0,1610.0,2929.0,1806.0,2030.0,2214.0,2346.0,2114.0,1614.0,2966.0,1806.0
1.5333333015441895,2026.0,2212.0,2324.0,2110.0,1610.0,2931.0,1806.0,2030.0,2209.0,2353.0,2117.0,1614.0,2966.0,1807.0
1.5666667222976685,2028.0,2206.0,2332.0,2113.0,1611.0,2932.0,1807.0,2030.0,2201.0,2362.0,2119.0,1615.0,2968.0,1807.0
1.600000023841858,2029.0,2199.0,2342.0,2115.0,1610.0,2934.0,1807.0,2031.0,2194.0,2368.0,2122.0,1614.0,2969.0,1807.0
1.6333333253860474,2030.0,2192.0,2350.0,2118.0,1610.0,2935.0,1807.0,2033.0,2189.0,2375.0,2126.0,1614.0,2969.0,1807.0
1.6666666269302368,2030.0,2187.0,2357.0,2122.0,1610.0,2935.0,1807.0,2034.0,2186.0,2389.0,2127.0,1614.0,2969.0,1807.0
1.7000000476837158,2032.0,2183.0,2367.0,2123.0,1610.0,2935.0,1808.0,2036.0,2181.0,2407.0,2129.0,1614.0,2969.0,1807.0
1.7333333492279053,2033.0,2179.0,2381.0,2125.0,1609.0,2936.0,1807.0,2035.0,2173.0,2418.0,2129.0,1614.0,2973.0,1807.0
1.7666666507720947,2033.0,2172.0,2392.0,2125.0,1609.0,2937.0,1807.0,2034.0,2166.0,2423.0,2128.0,1614.0,2978.0,1807.0
1.7999999523162842,2033.0,2165.0,2400.0,2125.0,1609.0,2939.0,1808.0,2034.0,2157.0,2429.0,2128.0,1615.0,2979.0,1807.0
1.8333333730697632,2033.0,2156.0,2408.0,2126.0,1610.0,2940.0,1807.0,2034.0,2151.0,2438.0,2129.0,1615.0,2981.0,1807.0
1.8666666746139526,2034.0,2148.0,2418.0,2126.0,1609.0,2941.0,1807.0,2033.0,2142.0,2451.0,2128.0,1614.0,2990.0,1806.0
1.899999976158142,2035.0,2141.0,2427.0,2127.0,1610.0,2943.0,1806.0,2032.0,2133.0,2460.0,2125.0,1615.0,2995.0,1807.0
1.9333332777023315,2034.0,2131.0,2439.0,2126.0,1610.0,2947.0,1807.0,2028.0,2125.0,2465.0,2124.0,1614.0,2997.0,1806.0
1.9666666984558105,2031.0,2123.0,2446.0,2125.0,1610.0,2949.0,1806.0,2023.0,2121.0,2465.0,2123.0,1614.0,2997.0,1807.0
2.0,2026.0,2117.0,2449.0,2124.0,1610.0,2951.0,1807.0,2018.0,2119.0,2465.0,2121.0,1615.0,2997.0,1806.0
2.0333333015441895,2022.0,2114.0,2449.0,2123.0,1610.0,2952.0,1806.0,2015.0,2118.0,2466.0,2116.0,1614.0,2998.0,1806.0
2.066666603088379,2019.0,2113.0,2449.0,2120.0,1610.0,2952.0,1806.0,2013.0,2119.0,2465.0,2112.0,1614.0,2999.0,1807.0
2.0999999046325684,2017.0,2113.0,2450.0,2115.0,1610.0,2953.0,1807.0,2013.0,2118.0,2463.0,2111.0,1612.0,3000.0,1807.0
2.133333444595337,2015.0,2113.0,2450.0,2113.0,1609.0,2953.0,1807.0,2013.0,2118.0,2454.0,2110.0,1608.0,3000.0,1806.0
2.1666667461395264,2014.0,2113.0,2449.0,2111.0,1607.0,2953.0,1805.0,2013.0,2118.0,2446.0,2105.0,1601.0,3000.0,1806.0
2.200000047683716,2014.0,2113.0,2444.0,2107.0,1602.0,2953.0,1806.0,2013.0,2120.0,2430.0,2097.0,1578.0,2998.0,1806.0
2.2333333492279053,2015.0,2113.0,2435.0,2103.0,1590.0,2953.0,1806.0,2013.0,2125.0,2419.0,2094.0,1558.0,2993.0,1806.0
2.2666666507720947,2014.0,2114.0,2425.0,2099.0,1578.0,2953.0,1806.0,2014.0,2134.0,2412.0,2095.0,1542.0,2984.0,1806.0
2.299999952316284,2015.0,2120.0,2416.0,2098.0,1559.0,2953.0,1806.0,2014.0,2143.0,2401.0,2095.0,1530.0,2973.0,1807.0
2.3333332538604736,2015.0,2127.0,2406.0,2097.0,1547.0,2954.0,1806.0,2014.0,2152.0,2387.0,2094.0,1523.0,2968.0,1807.0
2.366666555404663,2015.0,2135.0,2395.0,2096.0,1537.0,2953.0,1805.0,2013.0,2164.0,2373.0,2095.0,1515.0,2966.0,1807.0
2.4000000953674316,2014.0,2147.0,2383.0,2096.0,1530.0,2953.0,1805.0,2014.0,2177.0,2360.0,2095.0,1502.0,2963.0,1807.0
2.433333396911621,2013.0,2161.0,2370.0,2096.0,1519.0,2953.0,1806.0,2014.0,2191.0,2347.0,2095.0,1492.0,2959.0,1807.0
2.4666666984558105,2012.0,2177.0,2357.0,2096.0,1508.0,2952.0,1805.0,2014.0,2208.0,2329.0,2095.0,1486.0,2953.0,1808.0
2.5,2012.0,2195.0,2341.0,2096.0,1501.0,2950.0,1806.0,2014.0,2226.0,2310.0,2095.0,1486.0,2947.0,1807.0
2.5333333015441895,2012.0,2214.0,2322.0,2096.0,1497.0,2946.0,1806.0,2014.0,2241.0,2296.0,2096.0,1485.0,2944.0,1808.0
2.566666603088379,2012.0,2231.0,2307.0,2097.0,1495.0,2944.0,1806.0,2014.0,2257.0,2281.0,2095.0,1485.0,2944.0,1808.0
2.5999999046325684,2012.0,2247.0,2291.0,2096.0,1494.0,2943.0,1806.0,2015.0,2275.0,2261.0,2096.0,1483.0,2939.0,1809.0
2.633333444595337,2013.0,2264.0,2273.0,2097.0,1492.0,2940.0,1807.0,2015.0,2299.0,2233.0,2095.0,1484.0,2931.0,1812.0
2.6666667461395264,2013.0,2287.0,2249.0,2096.0,1492.0,2934.0,1810.0,2014.0,2323.0,2205.0,2095.0,1484.0,2923.0,1816.0
2.700000047683716,2014.0,2312.0,2222.0,2096.0,1492.0,2927.0,1814.0,2014.0,2346.0,2182.0,2096.0,1484.0,2918.0,1820.0
2.7333333492279053,2013.0,2331.0,2200.0,2097.0,1491.0,2922.0,1818.0,2014.0,2362.0,2164.0,2095.0,1484.0,2914.0,1823.0
2.7666666507720947,2013.0,2353.0,2175.0,2096.0,1490.0,2917.0,1822.0,2015.0,2373.0,2152.0,2095.0,1484.0,2909.0,1823.0
2.799999952316284,2013.0,2368.0,2158.0,2094.0,1488.0,2912.0,1822.0,2017.0,2389.0,2140.0,2096.0,1483.0,2904.0,1823.0
2.8333332538604736,2013.0,2383.0,2145.0,2094.0,1487.0,2907.0,1822.0,2017.0,2398.0,2130.0,2095.0,1483.0,2901.0,1825.0
2.866666555404663,2014.0,2395.0,2135.0,2094.0,1486.0,2903.0,1824.0,2017.0,2408.0,2121.0,2095.0,1483.0,2897.0,1825.0
2.9000000953674316,2014.0,2405.0,2125.0,2094.0,1486.0,2899.0,1824.0,2017.0,2415.0,2111.0,2094.0,1483.0,2896.0,1825.0
2.933333396911621,2014.0,2413.0,2115.0,2094.0,1486.0,2898.0,1824.0,2016.0,2429.0,2098.0,2092.0,1483.0,2890.0,1825.0
2.9666666984558105,2014.0,2425.0,2104.0,2093.0,1486.0,2893.0,1824.0,2015.0,2441.0,2082.0,2092.0,1483.0,2883.0,1825.0
3.0,2014.0,2438.0,2088.0,2093.0,1486.0,2887.0,1824.0,2015.0,2458.0,2065.0,2092.0,1481.0,2877.0,1825.0
3.0333333015441895,2014.0,2452.0,2073.0,2093.0,1485.0,2881.0,1824.0,2016.0,2473.0,2051.0,2092.0,1480.0,2877.0,1826.0
3.066666603088379,2014.0,2468.0,2057.0,2093.0,1483.0,2878.0,1825.0,2020.0,2486.0,2042.0,2094.0,1474.0,2877.0,1826.0
3.0999999046325684,2015.0,2480.0,2048.0,2093.0,1479.0,2879.0,1825.0,2022.0,2505.0,2036.0,2096.0,1467.0,2876.0,1829.0
3.133333444595337,2017.0,2495.0,2040.0,2093.0,1473.0,2877.0,1827.0,2023.0,2518.0,2029.0,2098.0,1464.0,2876.0,1835.0
3.1666667461395264,2019.0,2512.0,2031.0,2094.0,1465.0,2877.0,1835.0,2024.0,2532.0,2019.0,2099.0,1464.0,2878.0,1843.0
3.200000047683716,2020.0,2529.0,2022.0,2095.0,1462.0,2877.0,1843.0,2024.0,2541.0,2016.0,2100.0,1463.0,2878.0,1846.0
3.2333333492279053,2020.0,2539.0,2016.0,2096.0,1461.0,2876.0,1846.0,2023.0,2547.0,2011.0,2100.0,1463.0,2880.0,1846.0
3.2666666507720947,2021.0,2547.0,2011.0,2096.0,1461.0,2878.0,1846.0,2022.0,2556.0,2003.0,2100.0,1460.0,2880.0,1846.0
3.299999952316284,2020.0,2555.0,2004.0,2096.0,1460.0,2878.0,1846.0,2020.0,2565.0,1994.0,2100.0,1459.0,2880.0,1847.0
3.3333332538604736,2020.0,2564.0,1995.0,2096.0,1459.0,2878.0,1846.0,2017.0,2571.0,1987.0,2100.0,1459.0,2880.0,1847.0
3.366666555404663,2018.0,2572.0,1987.0,2097.0,1458.0,2877.0,1847.0,2013.0,2578.0,1979.0,2099.0,1457.0,2880.0,1847.0
3.4000000953674316,2014.0,2579.0,1980.0,2097.0,1457.0,2878.0,1846.0,2009.0,2592.0,1967.0,2095.0,1454.0,2878.0,1847.0
3.433333396911621,2011.0,2589.0,1969.0,2096.0,1455.0,2878.0,1847.0,2005.0,2607.0,1952.0,2093.0,1455.0,2875.0,1849.0
3.4666666984558105,2007.0,2604.0,1955.0,2094.0,1453.0,2876.0,1849.0,2001.0,2615.0,1940.0,2090.0,1454.0,2869.0,1850.0
3.5,2004.0,2615.0,1943.0,2091.0,1452.0,2872.0,1850.0,1997.0,2625.0,1927.0,2087.0,1452.0,2863.0,1850.0
3.5333333015441895,1999.0,2625.0,1931.0,2089.0,1451.0,2866.0,1850.0,1993.0,2637.0,1916.0,2082.0,1446.0,2856.0,1850.0
3.566666603088379,1998.0,2637.0,1918.0,2084.0,1447.0,2860.0,1850.0,1991.0,2646.0,1903.0,2080.0,1446.0,2851.0,1850.0
3.5999999046325684,1996.0,2645.0,1908.0,2083.0,1445.0,2855.0,1850.0,1985.0,2647.0,1893.0,2072.0,1446.0,2849.0,1850.0
3.633333444595337,1990.0,2650.0,1894.0,2076.0,1443.0,2851.0,1851.0,1978.0,2648.0,1878.0,2066.0,1446.0,2843.0,1850.0
3.6666667461395264,1983.0,2651.0,1879.0,2069.0,1442.0,2846.0,1850.0,1973.0,2651.0,1862.0,2064.0,1446.0,2831.0,1850.0
3.700000047683716,1977.0,2653.0,1862.0,2066.0,1441.0,2836.0,1850.0,1964.0,2655.0,1852.0,2064.0,1446.0,2825.0,1850.0
3.7333333492279053,1970.0,2655.0,1850.0,2065.0,1441.0,2828.0,1850.0,1954.0,2655.0,1851.0,2063.0,1446.0,2825.0,1850.0
3.7666666507720947,1961.0,2657.0,1845.0,2064.0,1441.0,2826.0,1850.0,1944.0,2637.0,1848.0,2063.0,1451.0,2825.0,1850.0
3.799999952316284,1951.0,2648.0,1842.0,2064.0,1441.0,2825.0,1850.0,1933.0,2615.0,1848.0,2065.0,1472.0,2826.0,1848.0
3.8333332538604736,1940.0,2636.0,1841.0,2064.0,1450.0,2825.0,1848.0,1923.0,2591.0,1845.0,2068.0,1498.0,2828.0,1847.0
3.866666555404663,1931.0,2617.0,1839.0,2065.0,1467.0,2825.0,1847.0,1916.0,2566.0,1842.0,2072.0,1530.0,2829.0,1846.0
3.9000000953674316,1924.0,2593.0,1835.0,2068.0,1494.0,2826.0,1846.0,1908.0,2541.0,1833.0,2074.0,1561.0,2829.0,1846.0
3.933333396911621,1918.0,2566.0,1828.0,2072.0,1523.0,2826.0,1846.0,1906.0,2514.0,1829.0,2072.0,1590.0,2829.0,1845.0
3.9666666984558105,1915.0,2540.0,1823.0,2073.0,1551.0,2826.0,1845.0,1906.0,2503.0,1829.0,2072.0,1604.0,2828.0,1845.0
4.0,1914.0,2520.0,1822.0,2073.0,1572.0,2826.0,1845.0,1906.0,2502.0,1826.0,2070.0,1605.0,2825.0,1846.0
4.0333333015441895,1914.0,2510.0,1819.0,2073.0,1582.0,2825.0,1846.0,1906.0,2506.0,1820.0,2067.0,1605.0,2816.0,1849.0
4.066666603088379,1914.0,2509.0,1813.0,2072.0,1586.0,2820.0,1849.0,1908.0,2540.0,1802.0,2058.0,1603.0,2785.0,1871.0
4.099999904632568,1914.0,2525.0,1799.0,2067.0,1589.0,2799.0,1868.0,1915.0,2572.0,1788.0,2052.0,1603.0,2749.0,1893.0
4.133333206176758,1915.0,2547.0,1788.0,2061.0,1590.0,2774.0,1886.0,1917.0,2615.0,1776.0,2050.0,1603.0,2722.0,1909.0
4.166666507720947,1917.0,2577.0,1775.0,2058.0,1592.0,2749.0,1906.0,1920.0,2643.0,1774.0,2051.0,1603.0,2712.0,1922.0
4.199999809265137,1916.0,2616.0,1770.0,2052.0,1595.0,2726.0,1924.0,1930.0,2672.0,1777.0,2050.0,1600.0,2705.0,1936.0
4.233333110809326,1923.0,2648.0,1770.0,2051.0,1595.0,2714.0,1935.0,1935.0,2692.0,1780.0,2050.0,1597.0,2698.0,1946.0
4.266666889190674,1933.0,2678.0,1770.0,2050.0,1594.0,2704.0,1947.0,1939.0,2705.0,1784.0,2052.0,1595.0,2690.0,1956.0
4.300000190734863,1934.0,2699.0,1772.0,2051.0,1593.0,2695.0,1957.0,1945.0,2712.0,1794.0,2050.0,1588.0,2684.0,1963.0
4.333333492279053,1940.0,2710.0,1779.0,2052.0,1589.0,2688.0,1964.0,1951.0,2721.0,1798.0,2046.0,1579.0,2653.0,1977.0
4.366666793823242,1947.0,2718.0,1781.0,2047.0,1580.0,2667.0,1977.0,1956.0,2726.0,1799.0,2046.0,1577.0,2605.0,1984.0
4.400000095367432,1954.0,2724.0,1783.0,2046.0,1576.0,2630.0,1985.0,1957.0,2730.0,1799.0,2044.0,1576.0,2546.0,1986.0
4.433333396911621,1957.0,2730.0,1784.0,2045.0,1574.0,2580.0,1986.0,1954.0,2730.0,1797.0,2041.0,1576.0,2480.0,1992.0
4.4666666984558105,1954.0,2733.0,1784.0,2044.0,1573.0,2521.0,1993.0,1954.0,2731.0,1797.0,2043.0,1576.0,2417.0,2006.0
4.5,1953.0,2734.0,1784.0,2043.0,1573.0,2459.0,2006.0,1950.0,2729.0,1797.0,2043.0,1575.0,2368.0,2030.0
4.5333333015441895,1953.0,2734.0,1784.0,2042.0,1572.0,2405.0,2027.0,1947.0,2729.0,1796.0,2047.0,1576.0,2336.0,2049.0
4.566666603088379,1950.0,2734.0,1784.0,2044.0,1573.0,2364.0,2050.0,1944.0,2729.0,1797.0,2053.0,1576.0,2316.0,2074.0
4.599999904632568,1946.0,2734.0,1784.0,2049.0,1572.0,2334.0,2073.0,1942.0,2729.0,1796.0,2053.0,1576.0,2308.0,2114.0
4.633333206176758,1943.0,2734.0,1784.0,2051.0,1572.0,2318.0,2109.0,1941.0,2729.0,1796.0,2052.0,1577.0,2303.0,2153.0
4.666666507720947,1943.0,2734.0,1784.0,2051.0,1573.0,2310.0,2140.0,1941.0,2729.0,1797.0,2049.0,1581.0,2297.0,2185.0
4.699999809265137,1942.0,2734.0,1784.0,2050.0,1573.0,2302.0,2183.0,1943.0,2729.0,1797.0,2046.0,1583.0,2288.0,2216.0
4.733333110809326,1944.0,2734.0,1784.0,2048.0,1576.0,2293.0,2215.0,1944.0,2728.0,1797.0,2046.0,1583.0,2275.0,2258.0
4.766666889190674,1944.0,2734.0,1784.0,2047.0,1576.0,2282.0,2252.0,1944.0,2723.0,1798.0,2047.0,1583.0,2259.0,2305.0
4.800000190734863,1943.0,2732.0,1784.0,2047.0,1577.0,2268.0,2298.0,1945.0,2714.0,1801.0,2047.0,1583.0,2244.0,2355.0
4.833333492279053,1944.0,2727.0,1785.0,2047.0,1577.0,2253.0,2347.0,1949.0,2703.0,1802.0,2046.0,1584.0,2225.0,2390.0
4.866666793823242,1945.0,2717.0,1787.0,2047.0,1577.0,2236.0,2388.0,1952.0,2686.0,1808.0,2047.0,1589.0,2200.0,2417.0
4.900000095367432,1948.0,2704.0,1791.0,2047.0,1580.0,2215.0,2416.0,1959.0,2665.0,1817.0,2047.0,1590.0,2167.0,2456.0
4.933333396911621,1953.0,2689.0,1798.0,2047.0,1582.0,2192.0,2444.0,1966.0,2649.0,1826.0,2047.0,1593.0,2138.0,2485.0
4.9666666984558105,1962.0,2668.0,1807.0,2047.0,1585.0,2160.0,2483.0,1975.0,2636.0,1834.0,2047.0,1596.0,2114.0,2502.0
5.0,1970.0,2649.0,1816.0,2047.0,1588.0,2132.0,2505.0,1992.0,2618.0,1845.0,2047.0,1598.0,2077.0,2516.0
5.0333333015441895,1985.0,2632.0,1824.0,2047.0,1590.0,2100.0,2517.0,2002.0,2606.0,1851.0,2046.0,1597.0,2053.0,2527.0
5.066666603088379,1998.0,2618.0,1832.0,2048.0,1591.0,2071.0,2528.0,2012.0,2603.0,1850.0,2046.0,1597.0,2034.0,2543.0
5.099999904632568,2005.0,2611.0,1835.0,2047.0,1591.0,2048.0,2543.0,2022.0,2602.0,1850.0,2048.0,1597.0,2018.0,2556.0
5.133333206176758,2015.0,2607.0,1835.0,2046.0,1591.0,2030.0,2557.0,2033.0,2597.0,1851.0,2048.0,1597.0,2005.0,2564.0
5.166666507720947,2025.0,2604.0,1835.0,2047.0,1591.0,2016.0,2565.0,2039.0,2592.0,1852.0,2048.0,1597.0,1998.0,2566.0
5.199999809265137,2036.0,2599.0,1836.0,2047.0,1591.0,2005.0,2566.0,2045.0,2586.0,1854.0,2047.0,1597.0,1989.0,2569.0
5.233333110809326,2042.0,2594.0,1839.0,2047.0,1591.0,1995.0,2569.0,2048.0,2579.0,1854.0,2048.0,1597.0,1974.0,2578.0
5.266666889190674,2045.0,2587.0,1839.0,2047.0,1591.0,1982.0,2579.0,2052.0,2572.0,1857.0,2050.0,1597.0,1964.0,2585.0
5.300000190734863,2048.0,2580.0,1841.0,2048.0,1591.0,1971.0,2586.0,2053.0,2562.0,1865.0,2056.0,1597.0,1964.0,2596.0
5.333333492279053,2050.0,2570.0,1846.0,2052.0,1591.0,1967.0,2596.0,2054.0,2548.0,1880.0,2059.0,1597.0,1969.0,2614.0
5.366666793823242,2053.0,2560.0,1856.0,2055.0,1591.0,1967.0,2611.0,2056.0,2531.0,1898.0,2059.0,1597.0,1978.0,2626.0
5.400000095367432,2053.0,2542.0,1873.0,2057.0,1591.0,1973.0,2628.0,2056.0,2517.0,1914.0,2059.0,1597.0,1994.0,2632.0
5.433333396911621,2055.0,2525.0,1890.0,2058.0,1591.0,1987.0,2633.0,2058.0,2507.0,1922.0,2058.0,1597.0,2000.0,2635.0
5.4666666984558105,2056.0,2511.0,1901.0,2058.0,1591.0,1995.0,2635.0,2062.0,2496.0,1930.0,2059.0,1597.0,2003.0,2638.0
5.5,2059.0,2500.0,1911.0,2058.0,1592.0,2000.0,2638.0,2062.0,2482.0,1944.0,2060.0,1597.0,2005.0,2639.0
5.5333333015441895,2061.0,2488.0,1922.0,2058.0,1591.0,2002.0,2639.0,2063.0,2469.0,1958.0,2060.0,1596.0,2006.0,2643.0
5.566666603088379,2062.0,2475.0,1936.0,2058.0,1591.0,2004.0,2643.0,2064.0,2458.0,1965.0,2060.0,1595.0,2005.0,2647.0
5.599999904632568,2063.0,2463.0,1945.0,2059.0,1591.0,2004.0,2647.0,2067.0,2451.0,1968.0,2060.0,1590.0,2004.0,2648.0
5.633333206176758,2063.0,2455.0,1951.0,2059.0,1589.0,2003.0,2649.0,2069.0,2450.0,1969.0,2060.0,1588.0,2004.0,2649.0
5.666666507720947,2067.0,2452.0,1953.0,2058.0,1586.0,2003.0,2649.0,2071.0,2448.0,1970.0,2061.0,1587.0,2004.0,2649.0
5.699999809265137,2068.0,2449.0,1954.0,2059.0,1585.0,2003.0,2649.0,2072.0,2445.0,1969.0,2060.0,1579.0,2003.0,2649.0
5.733333110809326,2070.0,2447.0,1954.0,2059.0,1579.0,2003.0,2649.0,2073.0,2445.0,1967.0,2060.0,1564.0,1994.0,2649.0
5.766666889190674,2071.0,2446.0,1955.0,2059.0,1570.0,1999.0,2649.0,2077.0,2445.0,1967.0,2060.0,1552.0,1985.0,2649.0
5.800000190734863,2075.0,2445.0,1954.0,2059.0,1556.0,1991.0,2649.0,2078.0,2448.0,1965.0,2060.0,1542.0,1982.0,2649.0
5.833333492279053,2076.0,2445.0,1955.0,2059.0,1545.0,1986.0,2649.0,2079.0,2463.0,1961.0,2060.0,1538.0,1982.0,2649.0
5.866666793823242,2078.0,2452.0,1954.0,2060.0,1538.0,1984.0,2649.0,2080.0,2471.0,1958.0,2062.0,1536.0,1982.0,2649.0
5.900000095367432,2078.0,2459.0,1952.0,2060.0,1536.0,1983.0,2649.0,2082.0,2472.0,1955.0,2063.0,1536.0,1982.0,2648.0
5.933333396911621,2081.0,2466.0,1952.0,2061.0,1534.0,1984.0,2648.0,2082.0,2472.0,1957.0,2066.0,1536.0,1984.0,2649.0
5.9666666984558105,2082.0,2472.0,1952.0,2064.0,1533.0,1983.0,2648.0,2081.0,2472.0,1959.0,2069.0,1536.0,1984.0,2647.0
6.0,2081.0,2473.0,1952.0,2066.0,1533.0,1983.0,2647.0,2082.0,2469.0,1963.0,2070.0,1538.0,1984.0,2644.0
6.0333333015441895,2081.0,2468.0,1952.0,2068.0,1533.0,1984.0,2644.0,2082.0,2456.0,1970.0,2069.0,1541.0,1984.0,2642.0
6.066666603088379,2082.0,2459.0,1954.0,2068.0,1535.0,1983.0,2642.0,2080.0,2447.0,1974.0,2068.0,1542.0,1986.0,2642.0
6.099999904632568,2080.0,2452.0,1958.0,2068.0,1535.0,1984.0,2642.0,2077.0,2440.0,1978.0,2066.0,1542.0,1986.0,2642.0
6.133333206176758,2080.0,2447.0,1961.0,2067.0,1536.0,1985.0,2642.0,2073.0,2437.0,1980.0,2063.0,1543.0,1986.0,2641.0
6.166666507720947,2075.0,2442.0,1964.0,2065.0,1536.0,1985.0,2641.0,2069.0,2435.0,1981.0,2061.0,1545.0,1986.0,2640.0
6.199999809265137,2071.0,2438.0,1965.0,2062.0,1537.0,1985.0,2640.0,2067.0,2435.0,1981.0,2058.0,1545.0,1987.0,2640.0
6.233333110809326,2069.0,2438.0,1966.0,2060.0,1537.0,1985.0,2640.0,2064.0,2435.0,1979.0,2057.0,1545.0,1986.0,2640.0
6.266666889190674,2066.0,2438.0,1966.0,2059.0,1537.0,1986.0,2640.0,2063.0,2436.0,1975.0,2056.0,1545.0,1986.0,2640.0
6.300000190734863,2064.0,2437.0,1966.0,2057.0,1538.0,1986.0,2640.0,2063.0,2438.0,1976.0,2056.0,1545.0,1986.0,2640.0
6.333333492279053,2064.0,2437.0,1966.0,2057.0,1538.0,1986.0,2641.0,2064.0,2438.0,1976.0,2056.0,1545.0,1986.0,2639.0
6.366666793823242,2064.0,2437.0,1966.0,2058.0,1538.0,1986.0,2639.0,2065.0,2438.0,1976.0,2056.0,1545.0,1986.0,2639.0
6.400000095367432,2064.0,2437.0,1966.0,2057.0,1538.0,1986.0,2639.0,2068.0,2441.0,1976.0,2056.0,1545.0,1986.0,2637.0
6.433333396911621,2066.0,2438.0,1966.0,2057.0,1538.0,1986.0,2637.0,2069.0,2444.0,1976.0,2056.0,1545.0,1986.0,2637.0
6.4666666984558105,2067.0,2440.0,1966.0,2057.0,1538.0,1986.0,2637.0,2069.0,2448.0,1975.0,2056.0,1545.0,1984.0,2637.0
6.5,2068.0,2442.0,1966.0,2058.0,1538.0,1985.0,2637.0,2069.0,2451.0,1972.0,2056.0,1545.0,1983.0,2637.0
6.5333333015441895,2069.0,2446.0,1965.0,2058.0,1538.0,1984.0,2637.0,2070.0,2457.0,1970.0,2055.0,1545.0,1982.0,2637.0
6.566666603088379,2070.0,2451.0,1964.0,2057.0,1538.0,1983.0,2637.0,2071.0,2460.0,1969.0,2055.0,1545.0,1983.0,2637.0
6.599999904632568,2071.0,2454.0,1963.0,2057.0,1538.0,1983.0,2637.0,2071.0,2461.0,1969.0,2055.0,1546.0,1982.0,2637.0
6.633333206176758,2070.0,2456.0,1963.0,2057.0,1539.0,1983.0,2637.0,2072.0,2463.0,1970.0,2054.0,1545.0,1982.0,2637.0
6.666666507720947,2071.0,2458.0,1963.0,2056.0,1539.0,1983.0,2637.0,2071.0,2467.0,1970.0,2052.0,1545.0,1982.0,2637.0
6.699999809265137,2071.0,2460.0,1963.0,2054.0,1539.0,1983.0,2637.0,2070.0,2472.0,1969.0,2050.0,1545.0,1982.0,2637.0
6.733333110809326,2070.0,2465.0,1964.0,2052.0,1539.0,1983.0,2637.0,2068.0,2477.0,1968.0,2050.0,1545.0,1982.0,2637.0
6.766666889190674,2069.0,2471.0,1963.0,2051.0,1539.0,1983.0,2637.0,2067.0,2484.0,1965.0,2050.0,1545.0,1982.0,2637.0
6.800000190734863,2068.0,2477.0,1961.0,2051.0,1539.0,1983.0,2637.0,2064.0,2490.0,1959.0,2050.0,1545.0,1983.0,2637.0
6.833333492279053,2067.0,2484.0,1956.0,2052.0,1539.0,1983.0,2637.0,2064.0,2491.0,1958.0,2050.0,1545.0,1984.0,2637.0
6.866666793823242,2065.0,2487.0,1954.0,2051.0,1539.0,1983.0,2637.0,2064.0,2491.0,1958.0,2050.0,1545.0,1984.0,2637.0
6.900000095367432,2065.0,2489.0,1953.0,2051.0,1539.0,1983.0,2637.0,2063.0,2491.0,1960.0,2051.0,1545.0,1984.0,2637.0
6.933333396911621,2064.0,2489.0,1953.0,2051.0,1539.0,1983.0,2637.0,2063.0,2490.0,1964.0,2052.0,1545.0,1984.0,2637.0
6.9666666984558105,2064.0,2488.0,1953.0,2050.0,1539.0,1983.0,2637.0,2063.0,2488.0,1965.0,2053.0,1545.0,1985.0,2637.0
7.0,2064.0,2488.0,1953.0,2052.0,1540.0,1984.0,2637.0,2063.0,2484.0,1967.0,2053.0,1545.0,1985.0,2637.0
7.0333333015441895,2064.0,2486.0,1953.0,2051.0,1539.0,1984.0,2637.0,2063.0,2478.0,1970.0,2053.0,1545.0,1985.0,2637.0
7.066666603088379,2065.0,2481.0,1955.0,2052.0,1539.0,1984.0,2637.0,2063.0,2471.0,1973.0,2053.0,1545.0,1985.0,2637.0
7.099999904632568,2064.0,2474.0,1957.0,2051.0,1539.0,1984.0,2637.0,2064.0,2458.0,1981.0,2054.0,1545.0,1985.0,2637.0
7.133333206176758,2064.0,2463.0,1962.0,2052.0,1539.0,1984.0,2637.0,2067.0,2444.0,1994.0,2055.0,1545.0,1985.0,2637.0
7.166666507720947,2065.0,2450.0,1973.0,2053.0,1540.0,1984.0,2637.0,2071.0,2431.0,2006.0,2056.0,1545.0,1986.0,2637.0
7.199999809265137,2069.0,2436.0,1984.0,2054.0,1539.0,1984.0,2637.0,2076.0,2423.0,2010.0,2056.0,1545.0,1986.0,2636.0
7.233333110809326,2073.0,2427.0,1991.0,2055.0,1539.0,1984.0,2636.0,2080.0,2417.0,2016.0,2056.0,1545.0,1985.0,2637.0
7.266666889190674,2078.0,2421.0,1997.0,2054.0,1539.0,1984.0,2637.0,2088.0,2413.0,2019.0,2057.0,1545.0,1984.0,2637.0
7.300000190734863,2082.0,2417.0,2000.0,2055.0,1539.0,1983.0,2637.0,2093.0,2412.0,2019.0,2057.0,1545.0,1983.0,2637.0
7.333333492279053,2088.0,2414.0,2002.0,2055.0,1539.0,1983.0,2637.0,2095.0,2412.0,2019.0,2057.0,1545.0,1983.0,2637.0
7.366666793823242,2093.0,2413.0,2002.0,2055.0,1539.0,1982.0,2637.0,2098.0,2412.0,2018.0,2056.0,1545.0,1982.0,2637.0
7.400000095367432,2095.0,2412.0,2002.0,2055.0,1539.0,1982.0,2637.0,2101.0,2412.0,2014.0,2056.0,1545.0,1978.0,2637.0
7.433333396911621,2097.0,2412.0,2002.0,2055.0,1539.0,1980.0,2637.0,2102.0,2412.0,2011.0,2056.0,1545.0,1977.0,2636.0
7.4666666984558105,2099.0,2412.0,2002.0,2055.0,1539.0,1978.0,2636.0,2104.0,2412.0,2011.0,2056.0,1545.0,1978.0,2636.0
7.5,2101.0,2412.0,2002.0,2055.0,1539.0,1978.0,2636.0,2106.0,2414.0,2011.0,2056.0,1545.0,1978.0,2637.0
7.5333333015441895,2103.0,2412.0,2002.0,2055.0,1539.0,1978.0,2637.0,2108.0,2415.0,2010.0,2056.0,1544.0,1980.0,2637.0
7.566666603088379,2105.0,2413.0,2002.0,2055.0,1539.0,1979.0,2637.0,2114.0,2420.0,2008.0,2056.0,1542.0,1979.0,2637.0
7.599999904632568,2108.0,2415.0,2002.0,2055.0,1539.0,1978.0,2637.0,2118.0,2427.0,2005.0,2056.0,1540.0,1977.0,2637.0
7.633333206176758,2112.0,2420.0,2000.0,2054.0,1537.0,1978.0,2637.0,2119.0,2432.0,2002.0,2056.0,1539.0,1978.0,2637.0
7.666666507720947,2115.0,2424.0,1997.0,2054.0,1537.0,1979.0,2637.0,2119.0,2431.0,2000.0,2055.0,1539.0,1978.0,2637.0
7.699999809265137,2116.0,2426.0,1995.0,2054.0,1536.0,1978.0,2637.0,2119.0,2431.0,2000.0,2055.0,1539.0,1978.0,2637.0
7.733333110809326,2116.0,2426.0,1994.0,2054.0,1536.0,1979.0,2637.0,2120.0,2431.0,2000.0,2055.0,1539.0,1977.0,2636.0
7.766666889190674,2117.0,2426.0,1994.0,2054.0,1536.0,1979.0,2636.0,2122.0,2431.0,2000.0,2054.0,1539.0,1976.0,2636.0
7.800000190734863,2118.0,2427.0,1994.0,2053.0,1536.0,1978.0,2636.0,2120.0,2430.0,2001.0,2053.0,1539.0,1976.0,2636.0
7.833333492279053,2118.0,2426.0,1994.0,2053.0,1536.0,1977.0,2636.0,2111.0,2420.0,2003.0,2052.0,1540.0,1977.0,2636.0
7.866666793823242,2114.0,2422.0,1994.0,2053.0,1536.0,1977.0,2636.0,2103.0,2408.0,2008.0,2052.0,1543.0,1978.0,2636.0
7.900000095367432,2107.0,2413.0,1995.0,2053.0,1537.0,1977.0,2636.0,2095.0,2397.0,2013.0,2051.0,1550.0,1978.0,2636.0
7.933333396911621,2099.0,2402.0,1998.0,2052.0,1541.0,1978.0,2636.0,2089.0,2383.0,2016.0,2050.0,1560.0,1979.0,2636.0
7.9666666984558105,2093.0,2387.0,2000.0,2052.0,1549.0,1979.0,2636.0,2080.0,2370.0,2023.0,2049.0,1564.0,1979.0,2636.0
8.0,2088.0,2375.0,2003.0,2051.0,1553.0,1979.0,2636.0,2072.0,2354.0,2031.0,2048.0,1565.0,1979.0,2636.0
8.033333778381348,2078.0,2359.0,2011.0,2050.0,1557.0,1979.0,2636.0,2068.0,2343.0,2037.0,2047.0,1565.0,1979.0,2635.0
8.066666603088379,2073.0,2346.0,2018.0,2049.0,1558.0,1979.0,2635.0,2067.0,2337.0,2039.0,2045.0,1566.0,1979.0,2634.0
8.100000381469727,2070.0,2338.0,2022.0,2048.0,1559.0,1979.0,2634.0,2067.0,2333.0,2040.0,2046.0,1565.0,1979.0,2630.0
8.133333206176758,2070.0,2333.0,2024.0,2048.0,1559.0,1979.0,2630.0,2068.0,2329.0,2042.0,2047.0,1566.0,1978.0,2621.0
8.166666984558105,2070.0,2329.0,2026.0,2048.0,1559.0,1980.0,2621.0,2070.0,2324.0,2045.0,2047.0,1565.0,1978.0,2612.0
8.199999809265137,2070.0,2324.0,2029.0,2049.0,1560.0,1979.0,2612.0,2073.0,2321.0,2050.0,2046.0,1566.0,1977.0,2607.0
8.233333587646484,2071.0,2321.0,2033.0,2048.0,1560.0,1978.0,2607.0,2077.0,2320.0,2050.0,2044.0,1566.0,1973.0,2602.0
8.266666412353516,2075.0,2318.0,2034.0,2047.0,1560.0,1975.0,2602.0,2078.0,2320.0,2046.0,2040.0,1566.0,1964.0,2583.0
8.300000190734863,2077.0,2317.0,2034.0,2044.0,1560.0,1969.0,2585.0,2080.0,2324.0,2038.0,2039.0,1570.0,1955.0,2541.0
8.333333015441895,2080.0,2317.0,2033.0,2043.0,1562.0,1960.0,2548.0,2081.0,2333.0,2028.0,2039.0,1573.0,1952.0,2479.0
8.366666793823242,2080.0,2322.0,2026.0,2041.0,1565.0,1956.0,2494.0,2081.0,2340.0,2018.0,2039.0,1573.0,1952.0,2413.0
8.399999618530273,2081.0,2329.0,2017.0,2041.0,1567.0,1954.0,2432.0,2084.0,2348.0,2013.0,2040.0,1573.0,1952.0,2353.0
8.433333396911621,2083.0,2336.0,2011.0,2041.0,1568.0,1954.0,2369.0,2085.0,2355.0,2005.0,2039.0,1573.0,1951.0,2294.0
8.466666221618652,2084.0,2344.0,2003.0,2041.0,1568.0,1953.0,2308.0,2088.0,2364.0,2000.0,2036.0,1573.0,1950.0,2239.0
8.5,2086.0,2351.0,1997.0,2039.0,1569.0,1952.0,2252.0,2091.0,2372.0,1990.0,2029.0,1573.0,1943.0,2184.0
8.533333778381348,2089.0,2359.0,1989.0,2034.0,1570.0,1947.0,2196.0,2093.0,2380.0,1980.0,2022.0,1573.0,1930.0,2121.0
8.566666603088379,2092.0,2366.0,1980.0,2028.0,1572.0,1937.0,2137.0,2093.0,2388.0,1970.0,2019.0,1573.0,1920.0,2050.0
8.600000381469727,2092.0,2373.0,1970.0,2024.0,1574.0,1927.0,2073.0,2093.0,2393.0,1962.0,2017.0,1573.0,1915.0,1976.0
8.633333206176758,2093.0,2379.0,1962.0,2022.0,1575.0,1921.0,2003.0,2091.0,2397.0,1952.0,2017.0,1573.0,1916.0,1891.0
8.666666984558105,2093.0,2385.0,1953.0,2021.0,1575.0,1919.0,1926.0,2086.0,2398.0,1946.0,2017.0,1573.0,1916.0,1820.0
8.699999809265137,2090.0,2388.0,1946.0,2021.0,1576.0,1918.0,1855.0,2082.0,2399.0,1943.0,2017.0,1573.0,1916.0,1757.0
8.733333587646484,2087.0,2391.0,1942.0,2021.0,1575.0,1919.0,1794.0,2078.0,2399.0,1942.0,2017.0,1573.0,1916.0,1712.0
8.766666412353516,2083.0,2393.0,1941.0,2020.0,1575.0,1919.0,1746.0,2077.0,2399.0,1942.0,2018.0,1574.0,1920.0,1689.0
8.800000190734863,2081.0,2393.0,1940.0,2021.0,1576.0,1920.0,1720.0,2077.0,2399.0,1942.0,2018.0,1577.0,1927.0,1684.0
8.833333015441895,2080.0,2394.0,1940.0,2021.0,1577.0,1924.0,1712.0,2077.0,2399.0,1940.0,2019.0,1582.0,1938.0,1683.0
8.866666793823242,2080.0,2394.0,1938.0,2021.0,1581.0,1933.0,1712.0,2078.0,2399.0,1940.0,2019.0,1588.0,1951.0,1682.0
8.899999618530273,2080.0,2394.0,1937.0,2021.0,1585.0,1945.0,1712.0,2079.0,2399.0,1938.0,2019.0,1598.0,1961.0,1680.0
8.933333396911621,2080.0,2395.0,1936.0,2020.0,1594.0,1956.0,1711.0,2083.0,2399.0,1938.0,2019.0,1606.0,1966.0,1680.0
8.966666221618652,2082.0,2395.0,1935.0,2020.0,1601.0,1962.0,1711.0,2084.0,2399.0,1938.0,2019.0,1610.0,1968.0,1680.0
9.0,2083.0,2395.0,1935.0,2020.0,1605.0,1966.0,1711.0,2086.0,2401.0,1938.0,2020.0,1611.0,1974.0,1680.0
9.033333778381348,2085.0,2397.0,1935.0,2021.0,1607.0,1971.0,1711.0,2089.0,2412.0,1938.0,2021.0,1611.0,1990.0,1680.0
9.066666603088379,2087.0,2402.0,1934.0,2020.0,1609.0,1983.0,1711.0,2094.0,2429.0,1936.0,2021.0,1611.0,2015.0,1681.0
9.100000381469727,2091.0,2411.0,1932.0,2020.0,1609.0,2001.0,1711.0,2097.0,2445.0,1935.0,2021.0,1611.0,2029.0,1682.0
9.133333206176758,2093.0,2422.0,1931.0,2019.0,1609.0,2015.0,1711.0,2098.0,2460.0,1932.0,2021.0,1611.0,2034.0,1685.0
9.166666984558105,2094.0,2437.0,1928.0,2019.0,1609.0,2027.0,1711.0,2101.0,2480.0,1927.0,2021.0,1611.0,2037.0,1694.0
9.199999809265137,2098.0,2454.0,1922.0,2019.0,1608.0,2032.0,1711.0,2106.0,2504.0,1922.0,2021.0,1611.0,2038.0,1707.0
9.233333587646484,2102.0,2476.0,1916.0,2019.0,1607.0,2035.0,1716.0,2108.0,2528.0,1917.0,2023.0,1610.0,2040.0,1722.0
9.266666412353516,2105.0,2499.0,1909.0,2020.0,1606.0,2037.0,1729.0,2110.0,2549.0,1909.0,2025.0,1610.0,2045.0,1736.0
9.300000190734863,2107.0,2520.0,1901.0,2022.0,1605.0,2041.0,1742.0,2110.0,2572.0,1899.0,2025.0,1611.0,2047.0,1742.0
9.333333015441895,2108.0,2542.0,1891.0,2022.0,1604.0,2044.0,1747.0,2111.0,2594.0,1889.0,2026.0,1610.0,2047.0,1744.0
9.366666793823242,2109.0,2563.0,1881.0,2023.0,1604.0,2045.0,1748.0,2111.0,2620.0,1875.0,2025.0,1611.0,2047.0,1748.0
9.399999618530273,2109.0,2587.0,1868.0,2023.0,1603.0,2045.0,1752.0,2111.0,2652.0,1859.0,2026.0,1610.0,2047.0,1753.0
9.433333396911621,2109.0,2618.0,1852.0,2024.0,1602.0,2046.0,1756.0,2110.0,2680.0,1849.0,2029.0,1610.0,2047.0,1761.0
9.466666221618652,2109.0,2647.0,1840.0,2025.0,1602.0,2046.0,1764.0,2108.0,2709.0,1837.0,2034.0,1610.0,2045.0,1773.0
9.5,2109.0,2678.0,1828.0,2028.0,1601.0,2046.0,1776.0,2108.0,2739.0,1828.0,2041.0,1610.0,2045.0,1789.0
9.533333778381348,2108.0,2708.0,1818.0,2035.0,1601.0,2046.0,1792.0,2107.0,2764.0,1823.0,2051.0,1610.0,2047.0,1804.0
9.566666603088379,2108.0,2736.0,1811.0,2042.0,1601.0,2046.0,1808.0,2106.0,2785.0,1821.0,2059.0,1610.0,2047.0,1808.0
9.600000381469727,2106.0,2760.0,1806.0,2051.0,1601.0,2046.0,1810.0,2103.0,2802.0,1821.0,2063.0,1609.0,2048.0,1808.0
9.633333206176758,2104.0,2781.0,1806.0,2056.0,1600.0,2047.0,1810.0,2101.0,2815.0,1821.0,2063.0,1607.0,2047.0,1810.0
9.666666984558105,2102.0,2799.0,1806.0,2058.0,1598.0,2047.0,1812.0,2099.0,2827.0,1821.0,2063.0,1605.0,2047.0,1810.0
9.699999809265137,2100.0,2813.0,1805.0,2059.0,1596.0,2047.0,1812.0,2095.0,2839.0,1822.0,2063.0,1602.0,2048.0,1810.0
9.733333587646484,2097.0,2825.0,1806.0,2059.0,1594.0,2047.0,1812.0,2090.0,2850.0,1824.0,2064.0,1597.0,2046.0,1811.0
9.766666412353516,2093.0,2838.0,1806.0,2061.0,1589.0,2047.0,1812.0,2084.0,2858.0,1826.0,2063.0,1596.0,2046.0,1815.0
9.800000190734863,2088.0,2848.0,1805.0,2061.0,1588.0,2047.0,1816.0,2079.0,2865.0,1828.0,2064.0,1594.0,2046.0,1823.0
9.833333015441895,2083.0,2857.0,1805.0,2062.0,1585.0,2048.0,1825.0,2076.0,2873.0,1829.0,2063.0,1591.0,2048.0,1827.0
9.866666793823242,2079.0,2865.0,1806.0,2062.0,1582.0,2048.0,1830.0,2072.0,2881.0,1829.0,2064.0,1585.0,2049.0,1829.0
9.899999618530273,2075.0,2874.0,1805.0,2063.0,1577.0,2048.0,1830.0,2067.0,2889.0,1829.0,2063.0,1578.0,2052.0,1829.0
9.933333396911621,2071.0,2882.0,1806.0,2062.0,1571.0,2050.0,1830.0,2062.0,2896.0,1828.0,2064.0,1577.0,2060.0,1829.0
9.966666221618652,2066.0,2891.0,1806.0,2063.0,1569.0,2056.0,1830.0,2059.0,2899.0,1829.0,2063.0,1578.0,2068.0,1829.0
10.0,2062.0,2896.0,1806.0,2062.0,1569.0,2063.0,1830.0,2051.0,2905.0,1827.0,2063.0,1578.0,2077.0,1828.0
10.033333778381348,2055.0,2902.0,1806.0,2063.0,1569.0,2072.0,1830.0,2040.0,2909.0,1825.0,2063.0,1578.0,2079.0,1826.0
10.066666603088379,2046.0,2906.0,1806.0,2063.0,1569.0,2077.0,1829.0,2024.0,2913.0,1826.0,2059.0,1578.0,2079.0,1817.0
10.100000381469727,2033.0,2909.0,1806.0,2062.0,1569.0,2078.0,1821.0,2003.0,2914.0,1832.0,2048.0,1579.0,2079.0,1810.0
10.133333206176758,2015.0,2913.0,1806.0,2056.0,1569.0,2079.0,1815.0,1984.0,2914.0,1839.0,2036.0,1579.0,2082.0,1807.0
10.166666984558105,2000.0,2915.0,1806.0,2049.0,1569.0,2079.0,1812.0,1961.0,2915.0,1842.0,2030.0,1579.0,2087.0,1806.0
10.199999809265137,1977.0,2916.0,1808.0,2041.0,1569.0,2084.0,1810.0,1940.0,2920.0,1843.0,2030.0,1579.0,2092.0,1807.0
10.233333587646484,1953.0,2919.0,1811.0,2036.0,1569.0,2089.0,1810.0,1921.0,2925.0,1843.0,2030.0,1579.0,2093.0,1807.0
10.266666412353516,1932.0,2923.0,1811.0,2034.0,1569.0,2091.0,1810.0,1903.0,2931.0,1844.0,2028.0,1579.0,2094.0,1807.0
10.300000190734863,1913.0,2928.0,1811.0,2030.0,1569.0,2091.0,1810.0,1889.0,2938.0,1846.0,2024.0,1579.0,2093.0,1807.0
10.333333015441895,1895.0,2932.0,1811.0,2026.0,1569.0,2090.0,1810.0,1877.0,2943.0,1845.0,2021.0,1578.0,2092.0,1807.0
10.366666793823242,1883.0,2936.0,1811.0,2022.0,1568.0,2090.0,1810.0,1866.0,2945.0,1846.0,2020.0,1579.0,2092.0,1807.0
10.399999618530273,1872.0,2940.0,1810.0,2022.0,1568.0,2091.0,1810.0,1850.0,2945.0,1845.0,2017.0,1579.0,2092.0,1806.0
10.433333396911621,1859.0,2943.0,1811.0,2020.0,1568.0,2091.0,1810.0,1830.0,2945.0,1846.0,2014.0,1579.0,2093.0,1807.0
10.466666221618652,1841.0,2947.0,1811.0,2018.0,1568.0,2092.0,1810.0,1815.0,2945.0,1846.0,2012.0,1579.0,2093.0,1807.0
10.5,1824.0,2947.0,1811.0,2016.0,1568.0,2093.0,1810.0,1800.0,2945.0,1850.0,2007.0,1579.0,2093.0,1807.0
10.533333778381348,1808.0,2947.0,1814.0,2012.0,1568.0,2094.0,1810.0,1785.0,2945.0,1851.0,2000.0,1579.0,2094.0,1807.0
10.566666603088379,1794.0,2947.0,1817.0,2006.0,1568.0,2094.0,1810.0,1767.0,2943.0,1851.0,1995.0,1579.0,2093.0,1807.0
10.600000381469727,1776.0,2947.0,1817.0,2000.0,1568.0,2094.0,1810.0,1746.0,2939.0,1851.0,1994.0,1579.0,2094.0,1807.0
10.633333206176758,1757.0,2944.0,1817.0,1996.0,1568.0,2092.0,1811.0,1723.0,2933.0,1851.0,1994.0,1579.0,2093.0,1807.0
10.666666984558105,1733.0,2940.0,1817.0,1995.0,1568.0,2092.0,1810.0,1697.0,2928.0,1849.0,1994.0,1579.0,2093.0,1807.0
10.699999809265137,1709.0,2934.0,1817.0,1995.0,1568.0,2092.0,1810.0,1670.0,2921.0,1849.0,1991.0,1579.0,2094.0,1807.0
10.733333587646484,1690.0,2929.0,1817.0,1994.0,1568.0,2093.0,1810.0,1644.0,2913.0,1849.0,1988.0,1579.0,2094.0,1807.0
10.766666412353516,1660.0,2920.0,1817.0,1992.0,1568.0,2095.0,1811.0,1617.0,2906.0,1849.0,1983.0,1579.0,2094.0,1807.0
10.800000190734863,1633.0,2911.0,1817.0,1989.0,1568.0,2095.0,1810.0,1592.0,2900.0,1849.0,1974.0,1579.0,2094.0,1807.0
10.833333015441895,1605.0,2905.0,1817.0,1982.0,1568.0,2095.0,1810.0,1566.0,2893.0,1849.0,1967.0,1579.0,2093.0,1807.0
10.866666793823242,1581.0,2898.0,1817.0,1974.0,1568.0,2095.0,1810.0,1539.0,2884.0,1849.0,1965.0,1579.0,2093.0,1807.0
10.899999618530273,1552.0,2889.0,1817.0,1969.0,1568.0,2094.0,1810.0,1511.0,2873.0,1849.0,1962.0,1579.0,2091.0,1807.0
10.933333396911621,1525.0,2876.0,1817.0,1965.0,1568.0,2091.0,1810.0,1477.0,2863.0,1849.0,1957.0,1579.0,2091.0,1807.0
10.966666221618652,1495.0,2867.0,1817.0,1961.0,1568.0,2093.0,1810.0,1442.0,2852.0,1849.0,1957.0,1579.0,2088.0,1807.0
11.0,1463.0,2856.0,1817.0,1961.0,1568.0,2091.0,1810.0,1404.0,2841.0,1849.0,1960.0,1579.0,2084.0,1807.0
11.033333778381348,1424.0,2845.0,1817.0,1961.0,1568.0,2088.0,1810.0,1364.0,2828.0,1849.0,1962.0,1579.0,2078.0,1807.0
11.066666603088379,1386.0,2833.0,1817.0,1961.0,1568.0,2083.0,1810.0,1309.0,2815.0,1849.0,1967.0,1579.0,2066.0,1807.0
11.100000381469727,1338.0,2820.0,1817.0,1965.0,1569.0,2073.0,1810.0,1269.0,2804.0,1848.0,1972.0,1579.0,2051.0,1807.0
11.133333206176758,1294.0,2808.0,1817.0,1969.0,1568.0,2060.0,1810.0,1229.0,2793.0,1849.0,1979.0,1579.0,2034.0,1807.0
11.166666984558105,1252.0,2797.0,1817.0,1974.0,1569.0,2044.0,1810.0,1190.0,2782.0,1849.0,1991.0,1580.0,2019.0,1807.0
11.199999809265137,1212.0,2785.0,1817.0,1984.0,1568.0,2029.0,1810.0,1148.0,2774.0,1849.0,2008.0,1581.0,2006.0,1807.0
11.233333587646484,1172.0,2775.0,1817.0,1998.0,1568.0,2015.0,1810.0,1108.0,2763.0,1849.0,2028.0,1585.0,1995.0,1807.0
11.266666412353516,1131.0,2764.0,1817.0,2017.0,1568.0,2003.0,1810.0,1071.0,2753.0,1849.0,2051.0,1588.0,1986.0,1807.0
11.300000190734863,1093.0,2754.0,1817.0,2038.0,1569.0,1993.0,1810.0,1040.0,2745.0,1849.0,2071.0,1592.0,1980.0,1807.0
11.333333015441895,1060.0,2745.0,1817.0,2058.0,1569.0,1986.0,1810.0,1012.0,2736.0,1849.0,2087.0,1596.0,1972.0,1807.0
11.366666793823242,1030.0,2737.0,1817.0,2075.0,1569.0,1978.0,1810.0,985.0,2726.0,1849.0,2098.0,1596.0,1961.0,1807.0
11.399999618530273,1002.0,2726.0,1817.0,2090.0,1570.0,1968.0,1810.0,961.0,2719.0,1850.0,2108.0,1596.0,1948.0,1807.0
11.433333396911621,977.0,2718.0,1817.0,2101.0,1570.0,1958.0,1810.0,940.0,2717.0,1849.0,2116.0,1597.0,1939.0,1809.0
11.466666221618652,953.0,2714.0,1817.0,2109.0,1571.0,1947.0,1811.0,922.0,2712.0,1849.0,2122.0,1596.0,1932.0,1821.0
11.5,933.0,2710.0,1817.0,2114.0,1571.0,1938.0,1823.0,915.0,2711.0,1849.0,2122.0,1596.0,1931.0,1842.0
11.533333778381348,920.0,2708.0,1817.0,2116.0,1571.0,1934.0,1843.0,913.0,2711.0,1849.0,2123.0,1596.0,1931.0,1862.0
11.566666603088379,915.0,2707.0,1817.0,2117.0,1570.0,1933.0,1865.0,911.0,2711.0,1849.0,2123.0,1595.0,1929.0,1882.0
11.600000381469727,913.0,2707.0,1817.0,2117.0,1571.0,1931.0,1884.0,911.0,2711.0,1848.0,2124.0,1593.0,1927.0,1896.0
11.633333206176758,913.0,2707.0,1817.0,2119.0,1570.0,1930.0,1897.0,911.0,2711.0,1848.0,2124.0,1592.0,1927.0,1906.0
11.666666984558105,913.0,2707.0,1817.0,2120.0,1571.0,1930.0,1908.0,909.0,2711.0,1847.0,2124.0,1591.0,1926.0,1923.0
11.699999809265137,912.0,2707.0,1817.0,2121.0,1571.0,1929.0,1923.0,904.0,2711.0,1842.0,2124.0,1590.0,1922.0,1932.0
11.733333587646484,908.0,2707.0,1817.0,2121.0,1571.0,1926.0,1934.0,899.0,2711.0,1842.0,2126.0,1590.0,1918.0,1935.0
11.766666412353516,904.0,2707.0,1817.0,2122.0,1570.0,1923.0,1935.0,896.0,2711.0,1841.0,2129.0,1590.0,1915.0,1937.0
11.800000190734863,900.0,2707.0,1817.0,2124.0,1571.0,1919.0,1938.0,893.0,2710.0,1841.0,2130.0,1591.0,1912.0,1941.0
11.833333015441895,896.0,2706.0,1817.0,2124.0,1571.0,1916.0,1941.0,889.0,2711.0,1841.0,2131.0,1590.0,1912.0,1943.0
11.866666793823242,892.0,2706.0,1817.0,2126.0,1571.0,1914.0,1944.0,883.0,2711.0,1841.0,2131.0,1589.0,1911.0,1959.0
11.899999618530273,887.0,2706.0,1817.0,2127.0,1571.0,1914.0,1958.0,880.0,2710.0,1841.0,2132.0,1586.0,1911.0,1986.0
11.933333396911621,884.0,2706.0,1817.0,2128.0,1571.0,1914.0,1983.0,880.0,2711.0,1841.0,2136.0,1585.0,1911.0,2017.0
11.966666221618652,883.0,2706.0,1817.0,2131.0,1571.0,1913.0,2014.0,879.0,2708.0,1841.0,2140.0,1585.0,1911.0,2049.0
12.0,881.0,2704.0,1817.0,2133.0,1571.0,1913.0,2046.0,879.0,2705.0,1841.0,2144.0,1586.0,1912.0,2081.0
12.033333778381348,880.0,2702.0,1817.0,2137.0,1571.0,1913.0,2079.0,878.0,2703.0,1843.0,2146.0,1585.0,1913.0,2111.0
12.066666603088379,880.0,2699.0,1817.0,2140.0,1570.0,1913.0,2110.0,873.0,2702.0,1843.0,2147.0,1586.0,1913.0,2145.0
12.100000381469727,878.0,2698.0,1817.0,2143.0,1571.0,1913.0,2141.0,868.0,2702.0,1843.0,2150.0,1585.0,1913.0,2172.0
12.133333206176758,873.0,2698.0,1817.0,2145.0,1571.0,1914.0,2170.0,863.0,2702.0,1842.0,2153.0,1585.0,1913.0,2196.0
12.166666984558105,868.0,2697.0,1817.0,2148.0,1571.0,1914.0,2194.0,859.0,2702.0,1843.0,2157.0,1585.0,1913.0,2224.0
12.199999809265137,863.0,2698.0,1817.0,2151.0,1571.0,1914.0,2220.0,857.0,2702.0,1842.0,2160.0,1585.0,1914.0,2240.0
12.233333587646484,860.0,2697.0,1817.0,2154.0,1571.0,1914.0,2239.0,855.0,2702.0,1843.0,2166.0,1585.0,1916.0,2265.0
12.266666412353516,857.0,2697.0,1817.0,2158.0,1571.0,1914.0,2261.0,854.0,2702.0,1843.0,2169.0,1585.0,1922.0,2286.0
12.300000190734863,856.0,2697.0,1817.0,2162.0,1571.0,1918.0,2284.0,855.0,2703.0,1842.0,2171.0,1586.0,1930.0,2301.0
12.333333015441895,856.0,2698.0,1816.0,2165.0,1571.0,1925.0,2301.0,855.0,2702.0,1842.0,2171.0,1585.0,1937.0,2305.0
12.366666793823242,856.0,2697.0,1817.0,2166.0,1571.0,1932.0,2304.0,856.0,2703.0,1841.0,2171.0,1584.0,1939.0,2307.0
12.399999618530273,856.0,2697.0,1817.0,2167.0,1571.0,1936.0,2305.0,854.0,2702.0,1841.0,2171.0,1582.0,1941.0,2319.0
12.433333396911621,856.0,2697.0,1817.0,2167.0,1571.0,1939.0,2317.0,849.0,2702.0,1841.0,2171.0,1582.0,1943.0,2339.0
12.466666221618652,853.0,2697.0,1817.0,2167.0,1571.0,1941.0,2336.0,843.0,2702.0,1841.0,2172.0,1581.0,1947.0,2360.0
12.5,848.0,2698.0,1817.0,2167.0,1571.0,1944.0,2357.0,843.0,2702.0,1841.0,2173.0,1581.0,1951.0,2373.0
12.533333778381348,846.0,2697.0,1817.0,2168.0,1571.0,1948.0,2371.0,844.0,2703.0,1837.0,2174.0,1580.0,1953.0,2375.0
12.566666603088379,846.0,2698.0,1817.0,2169.0,1571.0,1951.0,2373.0,846.0,2705.0,1833.0,2173.0,1580.0,1954.0,2375.0
12.600000381469727,844.0,2698.0,1818.0,2170.0,1573.0,1951.0,2374.0,849.0,2708.0,1831.0,2174.0,1580.0,1957.0,2375.0
12.633333206176758,849.0,2708.0,1823.0,2172.0,1577.0,1955.0,2374.0,852.0,2710.0,1830.0,2173.0,1580.0,1961.0,2375.0
12.666666984558105,849.0,2714.0,1822.0,2171.0,1574.0,1958.0,2374.0,855.0,2713.0,1828.0,2172.0,1580.0,1961.0,2375.0
12.699999809265137,852.0,2717.0,1824.0,2173.0,1577.0,1960.0,2375.0,857.0,2716.0,1827.0,2172.0,1580.0,1961.0,2375.0
12.733333587646484,856.0,2719.0,1822.0,2172.0,1576.0,1960.0,2374.0,860.0,2716.0,1827.0,2172.0,1580.0,1962.0,2375.0
12.766666412353516,855.0,2719.0,1821.0,2171.0,1576.0,1960.0,2375.0,863.0,2717.0,1827.0,2171.0,1580.0,1962.0,2375.0
12.800000190734863,863.0,2719.0,1821.0,2171.0,1576.0,1961.0,2375.0,864.0,2717.0,1826.0,2170.0,1580.0,1961.0,2375.0
12.833333015441895,860.0,2721.0,1820.0,2171.0,1576.0,1961.0,2375.0,865.0,2718.0,1826.0,2171.0,1580.0,1961.0,2375.0
12.866666793823242,865.0,2721.0,1821.0,2172.0,1576.0,1962.0,2375.0,869.0,2718.0,1827.0,2176.0,1580.0,1962.0,2375.0
12.899999618530273,866.0,2722.0,1820.0,2173.0,1576.0,1961.0,2375.0,876.0,2718.0,1828.0,2182.0,1581.0,1962.0,2375.0
12.933333396911621,872.0,2721.0,1820.0,2177.0,1576.0,1960.0,2375.0,881.0,2718.0,1830.0,2186.0,1582.0,1960.0,2375.0
12.966666221618652,878.0,2721.0,1821.0,2182.0,1576.0,1961.0,2375.0,886.0,2718.0,1832.0,2193.0,1583.0,1962.0,2375.0
13.0,880.0,2722.0,1821.0,2188.0,1577.0,1961.0,2375.0,895.0,2718.0,1840.0,2199.0,1582.0,1961.0,2375.0
13.033333778381348,890.0,2722.0,1824.0,2194.0,1577.0,1961.0,2375.0,910.0,2718.0,1844.0,2203.0,1582.0,1959.0,2375.0
13.066666603088379,903.0,2722.0,1828.0,2198.0,1577.0,1961.0,2375.0,935.0,2717.0,1851.0,2210.0,1583.0,1959.0,2375.0
13.100000381469727,923.0,2722.0,1834.0,2205.0,1577.0,1961.0,2375.0,960.0,2713.0,1861.0,2218.0,1583.0,1959.0,2375.0
13.133333206176758,948.0,2722.0,1843.0,2212.0,1577.0,1961.0,2375.0,983.0,2706.0,1871.0,2231.0,1584.0,1956.0,2375.0
13.166666984558105,970.0,2718.0,1853.0,2223.0,1577.0,1958.0,2375.0,1014.0,2701.0,1879.0,2249.0,1584.0,1953.0,2375.0
13.199999809265137,1000.0,2713.0,1861.0,2239.0,1578.0,1957.0,2375.0,1045.0,2697.0,1885.0,2265.0,1584.0,1948.0,2375.0
13.233333587646484,1026.0,2708.0,1868.0,2255.0,1578.0,1951.0,2375.0,1084.0,2693.0,1890.0,2276.0,1584.0,1944.0,2376.0
13.266666412353516,1064.0,2704.0,1873.0,2267.0,1578.0,1948.0,2376.0,1124.0,2687.0,1892.0,2283.0,1584.0,1939.0,2375.0
13.300000190734863,1101.0,2699.0,1877.0,2276.0,1578.0,1942.0,2375.0,1164.0,2680.0,1892.0,2289.0,1584.0,1931.0,2375.0
13.333333015441895,1142.0,2693.0,1879.0,2283.0,1578.0,1936.0,2375.0,1206.0,2669.0,1897.0,2290.0,1584.0,1917.0,2376.0
13.366666793823242,1183.0,2684.0,1882.0,2286.0,1578.0,1923.0,2376.0,1254.0,2654.0,1902.0,2290.0,1584.0,1905.0,2375.0
13.399999618530273,1229.0,2672.0,1886.0,2287.0,1578.0,1913.0,2375.0,1302.0,2638.0,1905.0,2290.0,1583.0,1898.0,2376.0
13.433333396911621,1275.0,2657.0,1890.0,2287.0,1578.0,1903.0,2376.0,1350.0,2621.0,1911.0,2290.0,1584.0,1897.0,2375.0
13.466666221618652,1323.0,2639.0,1895.0,2288.0,1578.0,1900.0,2375.0,1390.0,2604.0,1919.0,2291.0,1583.0,1898.0,2375.0
13.5,1366.0,2620.0,1902.0,2288.0,1578.0,1899.0,2376.0,1437.0,2586.0,1924.0,2291.0,1583.0,1898.0,2376.0
13.533333778381348,1410.0,2602.0,1908.0,2289.0,1578.0,1899.0,2376.0,1483.0,2568.0,1933.0,2291.0,1584.0,1898.0,2375.0
13.566666603088379,1458.0,2582.0,1915.0,2289.0,1578.0,1899.0,2375.0,1536.0,2549.0,1945.0,2290.0,1584.0,1898.0,2375.0
13.600000381469727,1506.0,2563.0,1925.0,2289.0,1578.0,1899.0,2375.0,1582.0,2539.0,1955.0,2290.0,1584.0,1896.0,2375.0
13.633333206176758,1556.0,2548.0,1936.0,2289.0,1578.0,1897.0,2375.0,1627.0,2528.0,1965.0,2287.0,1584.0,1896.0,2376.0
13.666666984558105,1600.0,2535.0,1945.0,2288.0,1578.0,1897.0,2376.0,1675.0,2520.0,1977.0,2281.0,1584.0,1895.0,2375.0
13.699999809265137,1648.0,2523.0,1956.0,2284.0,1578.0,1896.0,2375.0,1725.0,2515.0,1987.0,2267.0,1585.0,1896.0,2376.0
13.733333587646484,1697.0,2518.0,1966.0,2273.0,1579.0,1896.0,2376.0,1774.0,2515.0,1990.0,2249.0,1585.0,1896.0,2375.0
13.766666412353516,1745.0,2516.0,1973.0,2257.0,1579.0,1897.0,2375.0,1820.0,2516.0,1990.0,2227.0,1584.0,1898.0,2375.0
13.800000190734863,1793.0,2518.0,1974.0,2238.0,1579.0,1897.0,2375.0,1862.0,2524.0,1990.0,2209.0,1584.0,1899.0,2375.0
13.833333015441895,1836.0,2523.0,1975.0,2219.0,1579.0,1897.0,2375.0,1890.0,2530.0,1991.0,2202.0,1585.0,1903.0,2376.0
13.866666793823242,1872.0,2527.0,1976.0,2208.0,1579.0,1900.0,2377.0,1915.0,2535.0,1992.0,2199.0,1585.0,1906.0,2376.0
13.899999618530273,1899.0,2533.0,1978.0,2202.0,1579.0,1903.0,2376.0,1937.0,2538.0,1996.0,2198.0,1588.0,1909.0,2376.0
13.933333396911621,1924.0,2536.0,1980.0,2199.0,1581.0,1906.0,2376.0,1960.0,2538.0,2004.0,2195.0,1596.0,1917.0,2375.0
13.966666221618652,1947.0,2538.0,1986.0,2197.0,1586.0,1912.0,2375.0,1973.0,2538.0,2016.0,2189.0,1601.0,1933.0,2375.0
14.0,1965.0,2538.0,1996.0,2192.0,1591.0,1926.0,2375.0,1980.0,2538.0,2027.0,2189.0,1603.0,1960.0,2376.0
14.033333778381348,1973.0,2538.0,2007.0,2190.0,1595.0,1946.0,2376.0,1980.0,2537.0,2032.0,2187.0,1606.0,1984.0,2379.0
14.066666603088379,1978.0,2538.0,2015.0,2188.0,1598.0,1969.0,2380.0,1982.0,2537.0,2029.0,2187.0,1612.0,1993.0,2384.0
14.100000381469727,1980.0,2539.0,2016.0,2188.0,1603.0,1985.0,2384.0,1984.0,2537.0,2021.0,2186.0,1617.0,1987.0,2388.0
14.133333206176758,1982.0,2539.0,2016.0,2187.0,1608.0,1986.0,2388.0,1984.0,2537.0,2016.0,2186.0,1619.0,1984.0,2391.0
14.166666984558105,1982.0,2539.0,2013.0,2187.0,1611.0,1985.0,2391.0,1983.0,2537.0,2011.0,2188.0,1625.0,1984.0,2392.0
14.199999809265137,1982.0,2539.0,2008.0,2187.0,1616.0,1985.0,2392.0,1984.0,2537.0,2006.0,2188.0,1626.0,1982.0,2393.0
14.233333587646484,1983.0,2539.0,2004.0,2187.0,1619.0,1983.0,2393.0,1986.0,2537.0,2002.0,2188.0,1627.0,1980.0,2395.0
14.266666412353516,1984.0,2539.0,1999.0,2187.0,1620.0,1982.0,2395.0,1987.0,2537.0,1997.0,2188.0,1627.0,1977.0,2395.0
14.300000190734863,1985.0,2539.0,1995.0,2187.0,1621.0,1980.0,2395.0,1993.0,2538.0,1992.0,2189.0,1627.0,1973.0,2395.0
14.333333015441895,1990.0,2539.0,1989.0,2187.0,1620.0,1976.0,2395.0,1998.0,2538.0,1990.0,2188.0,1626.0,1971.0,2395.0
14.366666793823242,1994.0,2539.0,1986.0,2187.0,1620.0,1973.0,2395.0,2001.0,2541.0,1985.0,2186.0,1627.0,1965.0,2396.0
14.399999618530273,1998.0,2540.0,1982.0,2187.0,1620.0,1968.0,2396.0,2002.0,2542.0,1978.0,2187.0,1627.0,1958.0,2397.0
14.433333396911621,2000.0,2541.0,1976.0,2187.0,1621.0,1962.0,2397.0,2007.0,2542.0,1974.0,2187.0,1627.0,1952.0,2397.0
14.466666221618652,2004.0,2542.0,1971.0,2187.0,1621.0,1956.0,2397.0,2012.0,2542.0,1975.0,2187.0,1628.0,1946.0,2399.0
14.5,2009.0,2543.0,1970.0,2187.0,1621.0,1950.0,2399.0,2014.0,2542.0,1975.0,2187.0,1629.0,1944.0,2400.0
14.533333778381348,2012.0,2543.0,1969.0,2187.0,1622.0,1946.0,2400.0,2015.0,2543.0,1974.0,2188.0,1632.0,1944.0,2403.0
14.566666603088379,2013.0,2543.0,1969.0,2187.0,1625.0,1945.0,2403.0,2016.0,2543.0,1974.0,2188.0,1637.0,1943.0,2406.0
14.600000381469727,2014.0,2543.0,1969.0,2187.0,1629.0,1945.0,2406.0,2018.0,2543.0,1974.0,2188.0,1642.0,1943.0,2409.0
14.633333206176758,2017.0,2544.0,1969.0,2187.0,1633.0,1944.0,2409.0,2022.0,2543.0,1972.0,2188.0,1647.0,1944.0,2410.0
14.666666984558105,2019.0,2544.0,1967.0,2187.0,1638.0,1944.0,2410.0,2023.0,2543.0,1972.0,2188.0,1650.0,1944.0,2410.0
14.699999809265137,2022.0,2545.0,1968.0,2187.0,1641.0,1944.0,2410.0,2023.0,2543.0,1970.0,2188.0,1650.0,1944.0,2410.0
14.733333587646484,2021.0,2544.0,1966.0,2187.0,1643.0,1944.0,2410.0,2024.0,2543.0,1968.0,2188.0,1650.0,1944.0,2410.0
14.766666412353516,2022.0,2544.0,1964.0,2187.0,1643.0,1944.0,2410.0,2025.0,2543.0,1967.0,2188.0,1649.0,1944.0,2411.0
14.800000190734863,2024.0,2545.0,1962.0,2187.0,1643.0,1944.0,2411.0,2025.0,2543.0,1966.0,2187.0,1650.0,1944.0,2411.0
14.833333015441895,2024.0,2544.0,1962.0,2187.0,1643.0,1944.0,2411.0,2025.0,2543.0,1964.0,2187.0,1650.0,1942.0,2411.0
14.866666793823242,2024.0,2545.0,1960.0,2187.0,1643.0,1944.0,2411.0,2025.0,2543.0,1965.0,2186.0,1650.0,1941.0,2411.0
14.899999618530273,2023.0,2545.0,1960.0,2187.0,1643.0,1942.0,2411.0,2024.0,2543.0,1962.0,2185.0,1650.0,1941.0,2411.0
14.933333396911621,2024.0,2544.0,1958.0,2186.0,1643.0,1942.0,2411.0,2024.0,2543.0,1963.0,2185.0,1651.0,1940.0,2411.0
14.966666221618652,2024.0,2545.0,1958.0,2186.0,1644.0,1941.0,2411.0,2025.0,2543.0,1963.0,2185.0,1654.0,1941.0,2411.0
15.0,2024.0,2545.0,1957.0,2186.0,1646.0,1941.0,2411.0,2024.0,2542.0,1962.0,2185.0,1665.0,1941.0,2411.0
15.033333778381348,2024.0,2545.0,1957.0,2186.0,1653.0,1942.0,2411.0,2024.0,2540.0,1961.0,2185.0,1671.0,1941.0,2411.0
15.066666603088379,2024.0,2544.0,1957.0,2186.0,1661.0,1941.0,2411.0,2024.0,2537.0,1959.0,2186.0,1675.0,1940.0,2411.0
15.100000381469727,2024.0,2542.0,1955.0,2185.0,1666.0,1941.0,2411.0,2024.0,2533.0,1960.0,2185.0,1678.0,1940.0,2411.0
15.133333206176758,2024.0,2538.0,1955.0,2186.0,1669.0,1941.0,2411.0,2024.0,2532.0,1959.0,2185.0,1682.0,1941.0,2411.0
15.166666984558105,2024.0,2535.0,1954.0,2186.0,1673.0,1941.0,2411.0,2022.0,2530.0,1959.0,2185.0,1683.0,1941.0,2411.0
15.199999809265137,2024.0,2533.0,1953.0,2186.0,1676.0,1941.0,2411.0,2020.0,2530.0,1958.0,2185.0,1684.0,1939.0,2411.0
15.233333587646484,2021.0,2532.0,1954.0,2186.0,1677.0,1941.0,2411.0,2020.0,2530.0,1956.0,2185.0,1684.0,1940.0,2411.0
15.266666412353516,2021.0,2532.0,1952.0,2186.0,1678.0,1940.0,2411.0,2020.0,2530.0,1956.0,2185.0,1685.0,1941.0,2411.0
15.300000190734863,2022.0,2532.0,1952.0,2186.0,1678.0,1940.0,2411.0,2020.0,2531.0,1956.0,2185.0,1686.0,1941.0,2411.0
15.333333015441895,2021.0,2532.0,1952.0,2186.0,1680.0,1940.0,2411.0,2020.0,2531.0,1956.0,2185.0,1686.0,1941.0,2411.0
15.366666793823242,2020.0,2532.0,1952.0,2186.0,1680.0,1940.0,2411.0,2018.0,2531.0,1956.0,2185.0,1687.0,1940.0,2411.0
15.399999618530273,2020.0,2532.0,1952.0,2186.0,1680.0,1940.0,2411.0,2018.0,2530.0,1956.0,2186.0,1689.0,1940.0,2411.0
15.433333396911621,2019.0,2532.0,1952.0,2185.0,1682.0,1940.0,2411.0,2018.0,2531.0,1956.0,2185.0,1689.0,1941.0,2412.0
15.466666221618652,2019.0,2532.0,1952.0,2186.0,1683.0,1940.0,2412.0,2018.0,2530.0,1954.0,2185.0,1689.0,1941.0,2412.0
15.5,2019.0,2532.0,1951.0,2186.0,1683.0,1940.0,2412.0,2018.0,2531.0,1953.0,2186.0,1689.0,1942.0,2412.0
15.533333778381348,2019.0,2532.0,1949.0,2186.0,1683.0,1941.0,2412.0,2018.0,2531.0,1953.0,2186.0,1689.0,1941.0,2412.0
15.566666603088379,2019.0,2532.0,1949.0,2186.0,1683.0,1941.0,2412.0,2018.0,2530.0,1953.0,2186.0,1689.0,1942.0,2412.0
15.600000381469727,2020.0,2532.0,1949.0,2186.0,1683.0,1941.0,2412.0,2019.0,2530.0,1953.0,2186.0,1689.0,1942.0,2412.0
15.633333206176758,2019.0,2531.0,1948.0,2185.0,1683.0,1941.0,2412.0,2019.0,2530.0,1953.0,2186.0,1689.0,1942.0,2412.0

